alpha,num_samples,mean_angle_error,median_angle_error,max_angle_error,failure_rate_error_gt_1deg,failure_rate_error_gt_3deg,mean_angle_error_mod180,failure_rate_mod180_error_gt_3deg,mean_psnr_anchor,mean_ssim_anchor,mean_psnr_clean,mean_ssim_clean,mean_runtime_ms,selected_angle_sign
0.005,77,51.37662337662338,55.0,88.0,1.0,1.0,51.37662337662338,1.0,73.1854949061146,0.9999995329748741,10.5013161859297,0.22698494911705414,280.51725472625975,raw
0.01,77,49.63636363636363,53.0,88.0,0.974025974025974,0.974025974025974,49.63636363636363,0.974025974025974,67.16507937553145,0.9999981319866899,10.763363009722061,0.24922844803385166,267.4214929680933,raw
0.02,77,40.857142857142854,42.0,88.0,0.8701298701298701,0.8701298701298701,40.857142857142854,0.8701298701298701,61.152533101268304,0.9999925485146604,12.853148234407174,0.28735492827520265,265.54054834625936,raw
0.03,77,25.896103896103895,13.0,88.0,0.6233766233766234,0.5974025974025974,25.896103896103895,0.5974025974025974,57.653116648160335,0.9999833697830544,15.754703341444422,0.4997332095220923,266.3173693679757,raw
0.05,77,9.064935064935066,1.0,74.0,0.2857142857142857,0.23376623376623376,9.064935064935066,0.23376623376623376,53.26923880133679,0.9999548054633334,19.0212218550238,0.7390155818977621,273.14644771349896,raw
0.1,77,1.5844155844155854,1.0,49.0,0.1038961038961039,0.03896103896103896,1.5844155844155854,0.03896103896103896,47.33150054598925,0.9998259011696381,20.78549588940524,0.8266965062423508,266.42293722501825,raw
0.2,77,0.6363636363636375,1.0,1.0000000000000142,0.07792207792207792,0.0,0.6363636363636375,0.0,41.40261414831311,0.9993282134381479,20.732662315010653,0.8448901895737724,266.8328330211051,raw
