alpha,num_samples,mean_angle_error,median_angle_error,max_angle_error,failure_rate_error_gt_1deg,failure_rate_error_gt_3deg,mean_angle_error_mod180,failure_rate_mod180_error_gt_3deg,mean_psnr_anchor,mean_ssim_anchor,mean_psnr_clean,mean_ssim_clean,mean_runtime_ms,selected_angle_sign
0.005,77,60.51948051948052,58.0,174.0,1.0,1.0,43.896103896103895,1.0,77.6535257895347,0.9999998355978357,10.949036244992957,0.25852124179524893,358.3061842175273,raw
0.01,77,64.76623376623377,61.0,180.0,0.987012987012987,0.987012987012987,44.4025974025974,0.974025974025974,71.6328779110644,0.9999993423819379,11.76282469320484,0.26158695528077464,352.86871401907564,raw
0.02,77,63.22077922077922,58.0,180.0,0.987012987012987,0.987012987012987,42.51948051948052,0.974025974025974,65.61249316338619,0.9999973697079738,11.787678754554983,0.27102003082883325,361.0735216311046,raw
0.03,77,61.714285714285715,55.0,180.0,0.987012987012987,0.987012987012987,41.79220779220779,0.974025974025974,62.09413313559463,0.9999940888629911,11.671585269032619,0.2654863160413148,355.4502593764624,raw
0.05,77,66.36363636363636,57.0,180.0,0.961038961038961,0.961038961038961,39.84415584415584,0.922077922077922,57.68135835320226,0.9999837154326926,inf,0.2641678839764889,353.3041368589386,raw
0.1,77,83.11688311688312,60.0,180.0,0.922077922077922,0.922077922077922,37.714285714285715,0.8441558441558441,51.739558115050684,0.9999368296953887,inf,0.23472549799445752,356.876679490526,raw
0.2,77,103.83116883116882,120.0,180.0,0.9090909090909091,0.9090909090909091,38.064935064935064,0.8181818181818182,45.80786397301155,0.9997567774177989,inf,0.23439804793836191,355.26332309977573,raw
