alpha,num_samples,mean_angle_error,median_angle_error,max_angle_error,failure_rate_error_gt_1deg,failure_rate_error_gt_3deg,mean_angle_error_mod180,failure_rate_mod180_error_gt_3deg,mean_psnr_anchor,mean_ssim_anchor,mean_psnr_clean,mean_ssim_clean,mean_runtime_ms,selected_angle_sign
0.005,77,57.35064935064935,49.0,174.0,0.974025974025974,0.948051948051948,42.15584415584416,0.948051948051948,73.1854949061146,0.9999995329748741,11.189038179679082,0.30783908765493095,361.3808025642262,raw
0.01,77,58.0,49.0,174.0,0.974025974025974,0.948051948051948,40.98701298701299,0.948051948051948,67.16507937553145,0.9999981319866899,11.16696760560472,0.30368657851521585,348.293472226564,raw
0.02,77,59.22077922077922,41.0,180.0,0.935064935064935,0.9090909090909091,33.532467532467535,0.8701298701298701,61.152533101268304,0.9999925485146604,13.129124502783954,0.35021845386005285,347.08512755860755,raw
0.03,77,75.1948051948052,59.0,180.0,0.922077922077922,0.9090909090909091,32.72727272727273,0.8441558441558441,57.653116648160335,0.9999833697830544,12.811927458194685,0.2999235286622373,346.8260549541031,raw
0.05,77,93.58441558441558,91.0,180.0,0.9090909090909091,0.9090909090909091,35.66233766233766,0.8311688311688312,53.26923880133679,0.9999548054633334,12.357442204469638,0.2330847226187617,349.0056213136617,raw
0.1,77,103.27272727272727,119.0,180.0,0.9090909090909091,0.9090909090909091,37.16883116883117,0.8181818181818182,47.33150054598925,0.9998259011696381,12.959418384207007,0.2322258183779312,349.7441695978889,raw
0.2,77,103.88311688311688,119.0,180.0,0.9090909090909091,0.9090909090909091,38.142857142857146,0.8181818181818182,41.40261414831311,0.9993282134381479,12.649488528406204,0.23005043128765787,359.59475518917884,raw
