alpha,num_samples,mean_angle_error,median_angle_error,max_angle_error,failure_rate_error_gt_1deg,failure_rate_error_gt_3deg,mean_angle_error_mod180,failure_rate_mod180_error_gt_3deg,mean_psnr_anchor,mean_ssim_anchor,mean_psnr_clean,mean_ssim_clean,mean_runtime_ms,selected_angle_sign
0.005,18,27.97222222222222,22.25,84.5,1.0,0.9444444444444444,27.97222222222222,0.9444444444444444,71.79234170268631,0.9999994871297218,10.826066879412169,0.36412033752052503,314.470737034248,raw
0.01,18,26.5,19.75,84.5,1.0,0.8888888888888888,26.5,0.8888888888888888,65.77195726952593,0.9999979486201328,11.055187374004708,0.39851597318149906,284.8613273559345,raw
