method,alpha,num_samples,mean_angle_error,median_angle_error,max_angle_error,failure_rate_error_gt_1deg,failure_rate_error_gt_3deg,mean_angle_error_mod180,failure_rate_mod180_error_gt_3deg,mean_psnr_anchor,mean_psnr_anchor_finite,median_psnr_anchor,num_inf_psnr_anchor,mean_ssim_anchor,median_ssim_anchor,mean_psnr_clean,mean_psnr_clean_finite,median_psnr_clean,num_inf_psnr_clean,mean_ssim_clean,median_ssim_clean,mean_runtime_ms,selected_angle_sign
two_pair,0.08,550,31.098181818181818,22.0,89.0,0.8181818181818182,0.8181818181818182,31.098181818181818,0.8181818181818182,49.0661808031752,49.0661808031752,49.12780195726805,0,0.9997888492233586,0.9997870411352965,14.13395571501137,14.13395571501137,12.992309719930198,0,0.22014512753032695,0.1567746548534525,60.46253343197432,neg
two_pair,0.1,550,35.50727272727273,29.0,89.0,0.8181818181818182,0.8181818181818182,35.50727272727273,0.8181818181818182,47.1280920570811,47.1280920570811,47.189691966050084,0,0.9996701278192334,0.9996673074573523,13.830894609967832,13.830894609967832,12.815518678296243,0,0.17382154551390055,0.10733795514904729,60.52473764189265,neg
two_pair,0.12,550,37.485454545454544,31.0,89.0,0.8181818181818182,0.8181818181818182,37.485454545454544,0.8181818181818182,45.54457283013906,45.54457283013906,45.60616736053472,0,0.999525069926176,0.9995210148267238,13.698140571882895,13.698140571882895,12.719381397386824,0,0.1539503673008294,0.09566379170290641,60.2478611130606,neg
two_pair,0.15,550,38.167272727272724,31.0,89.0,0.8181818181818182,0.8181818181818182,38.167272727272724,0.8181818181818182,43.606530071622664,43.606530071622664,43.668173786282665,0,0.9992581609931768,0.9992518467865377,13.636920510276289,13.636920510276289,12.693991447167875,0,0.14674592032696426,0.09267814743601617,60.45205398378047,neg
two_pair,0.18,550,38.167272727272724,31.0,89.0,0.8181818181818182,0.8181818181818182,38.167272727272724,0.8181818181818182,42.02306116823423,42.02306116823423,42.08471958960675,0,0.9989321620880787,0.9989231075612643,13.623706168635868,13.623706168635868,12.690828301413482,0,0.14664152645357104,0.09262442330716979,60.272597240453415,neg
two_pair,0.2,550,38.18,31.0,89.0,0.8181818181818182,0.8181818181818182,38.18,0.8181818181818182,41.1080142330679,41.1080142330679,41.169667426032184,0,0.9986820643681595,0.9986709175727784,13.614625119128418,13.614625119128418,12.688323900355376,0,0.14659320234007392,0.09311316755625346,60.071900158443235,neg
