alpha,num_samples,mean_angle_error,median_angle_error,max_angle_error,failure_rate_error_gt_1deg,failure_rate_error_gt_3deg,mean_angle_error_mod180,failure_rate_mod180_error_gt_3deg,mean_psnr_anchor,mean_ssim_anchor,mean_psnr_clean,mean_ssim_clean,mean_runtime_ms,selected_angle_sign
0.005,77,57.35064935064935,49.0,174.0,0.974025974025974,0.948051948051948,42.15584415584416,0.948051948051948,73.1854949061146,0.9999995329748741,11.189038179679082,0.30783908765493095,313.3938898658985,raw
0.01,77,58.0,49.0,174.0,0.974025974025974,0.948051948051948,40.98701298701299,0.948051948051948,67.16507937553145,0.9999981319866899,11.16696760560472,0.30368657851521585,298.9056168922356,raw
0.02,77,59.22077922077922,41.0,180.0,0.935064935064935,0.9090909090909091,33.532467532467535,0.8701298701298701,61.152533101268304,0.9999925485146604,13.129124502783954,0.35021845386005285,296.1585501862037,raw
0.03,77,75.1948051948052,59.0,180.0,0.922077922077922,0.9090909090909091,32.72727272727273,0.8441558441558441,57.653116648160335,0.9999833697830544,12.811927458194685,0.2999235286622373,294.69920902863726,raw
