alpha,num_samples,mean_angle_error,median_angle_error,max_angle_error,failure_rate_error_gt_1deg,failure_rate_error_gt_3deg,mean_angle_error_mod180,failure_rate_mod180_error_gt_3deg,mean_psnr_anchor,mean_ssim_anchor,mean_psnr_clean,mean_ssim_clean,mean_runtime_ms,selected_angle_sign
0.005,66,91.45454545454545,100.0,177.0,1.0,1.0,45.42424242424242,0.9848484848484849,71.79234268601408,0.9999994871287935,9.71643720265542,0.22633177657390727,263.25761958618057,neg
0.01,66,99.27272727272727,107.0,175.0,1.0,0.9848484848484849,43.46969696969697,0.9848484848484849,65.77196045837351,0.9999979486193348,9.739421227356475,0.2350152288168079,253.2259077962601,neg
0.02,66,95.83333333333333,96.25,180.0,1.0,0.9696969696969697,42.18181818181818,0.9242424242424242,59.76076125663349,0.9999918184782403,9.798960955421695,0.24192177399251233,250.9302430870858,neg
0.03,66,94.40151515151516,95.0,180.0,0.9848484848484849,0.9848484848484849,48.40151515151515,0.9393939393939394,56.2650768174442,0.9999817497850102,9.80015066519237,0.2276330953743923,256.0669495018594,neg
