alpha,num_samples,mean_angle_error,median_angle_error,max_angle_error,failure_rate_error_gt_1deg,failure_rate_error_gt_3deg,mean_angle_error_mod180,failure_rate_mod180_error_gt_3deg,mean_psnr_anchor,mean_ssim_anchor,mean_psnr_clean,mean_ssim_clean,mean_runtime_ms,selected_angle_sign
0.005,77,41.714285714285715,45.0,89.0,0.987012987012987,0.961038961038961,41.714285714285715,0.961038961038961,77.6535257895347,0.9999998355978357,11.109139118381579,0.28771017922321784,283.7715004268405,raw
0.01,77,41.96103896103896,48.0,89.0,0.961038961038961,0.935064935064935,41.96103896103896,0.935064935064935,71.6328779110644,0.9999993423819379,11.960643950177667,0.2940906876202787,277.58842963096384,raw
0.02,77,38.883116883116884,39.0,89.0,0.922077922077922,0.8961038961038961,38.883116883116884,0.8961038961038961,65.61249316338619,0.9999973697079738,12.119642960523109,0.296268573419098,273.5796486112204,raw
0.03,77,38.02597402597402,39.0,87.0,0.9090909090909091,0.8831168831168831,38.02597402597402,0.8831168831168831,62.09413313559463,0.9999940888629911,12.359689466418372,0.3109153907187521,273.42298813164234,raw
0.05,77,32.0,29.0,87.0,0.7142857142857143,0.7142857142857143,32.0,0.7142857142857143,57.68135835320226,0.9999837154326926,inf,0.3826716700742394,272.6802099012322,raw
0.1,77,17.428571428571427,1.0,73.0,0.3246753246753247,0.3246753246753247,17.428571428571427,0.3246753246753247,51.739558115050684,0.9999368296953887,inf,0.6195428843218546,271.8010634280644,raw
0.2,77,0.3506493506493508,0.0,1.0000000000000142,0.012987012987012988,0.0,0.3506493506493508,0.0,45.80786397301155,0.9997567774177989,inf,0.8628258552544833,272.15759894000246,raw
